Question_ID,Job_Role,Skill,Difficulty,Question_Type,Question,Expected_Key_Points,Sample_Answer
Q0001,Data Analyst,SQL,Beginner,Technical,Explain the difference between INNER JOIN and LEFT JOIN.,Understanding of joins with examples.,To be generated by the AI interview assistant.
Q0002,Data Analyst,Excel,Intermediate,Technical,What is a Pivot Table and when would you use it?,Summarizing and analyzing data.,To be generated by the AI interview assistant.
Q0003,Data Analyst,Statistics,Advanced,Technical,What is the difference between mean and median?,Definitions and use cases.,To be generated by the AI interview assistant.
Q0004,Data Analyst,Power BI,Beginner,Technical,What are DAX measures?,Calculated measures using DAX.,To be generated by the AI interview assistant.
Q0005,Data Analyst,Python,Intermediate,Coding,Write Python code to remove duplicates from a list.,Use set() or loop.,To be generated by the AI interview assistant.
Q0006,Data Scientist,Machine Learning,Beginner,Technical,Explain overfitting and underfitting.,Bias-variance tradeoff.,To be generated by the AI interview assistant.
Q0007,Data Scientist,Python,Intermediate,Coding,How do you handle missing values in Pandas?,"fillna(), dropna().",To be generated by the AI interview assistant.
Q0008,Data Scientist,Deep Learning,Advanced,Technical,What is backpropagation?,Gradient-based weight updates.,To be generated by the AI interview assistant.
Q0009,Data Scientist,Statistics,Beginner,Technical,Explain p-value.,Hypothesis testing.,To be generated by the AI interview assistant.
Q0010,Data Scientist,NLP,Intermediate,Technical,What is TF-IDF?,Text feature representation.,To be generated by the AI interview assistant.
Q0011,ML Engineer,TensorFlow,Beginner,Technical,What is TensorFlow?,Deep learning framework.,To be generated by the AI interview assistant.
Q0012,ML Engineer,PyTorch,Intermediate,Technical,Difference between TensorFlow and PyTorch.,Execution models.,To be generated by the AI interview assistant.
Q0013,ML Engineer,Docker,Advanced,Technical,Why use Docker in ML?,Deployment consistency.,To be generated by the AI interview assistant.
Q0014,ML Engineer,MLOps,Beginner,Scenario,Describe an ML deployment pipeline.,Training to production.,To be generated by the AI interview assistant.
Q0015,ML Engineer,Python,Intermediate,Coding,Implement linear regression in Python.,Basic ML implementation.,To be generated by the AI interview assistant.
Q0016,HR,Communication,Beginner,HR,Tell me about yourself.,Concise professional introduction.,To be generated by the AI interview assistant.
Q0017,HR,Leadership,Intermediate,HR,Describe a challenging situation.,STAR method.,To be generated by the AI interview assistant.
Q0018,HR,Teamwork,Advanced,HR,How do you resolve conflicts?,Communication and collaboration.,To be generated by the AI interview assistant.
Q0019,HR,Career,Beginner,HR,Why should we hire you?,Relevant strengths.,To be generated by the AI interview assistant.
Q0020,HR,Goals,Intermediate,HR,Where do you see yourself in 5 years?,Growth-oriented answer.,To be generated by the AI interview assistant.
Q0021,Data Analyst,SQL,Beginner,Technical,Explain the difference between INNER JOIN and LEFT JOIN.,Understanding of joins with examples.,To be generated by the AI interview assistant.
Q0022,Data Analyst,Excel,Intermediate,Technical,What is a Pivot Table and when would you use it?,Summarizing and analyzing data.,To be generated by the AI interview assistant.
Q0023,Data Analyst,Statistics,Advanced,Technical,What is the difference between mean and median?,Definitions and use cases.,To be generated by the AI interview assistant.
Q0024,Data Analyst,Power BI,Beginner,Technical,What are DAX measures?,Calculated measures using DAX.,To be generated by the AI interview assistant.
Q0025,Data Analyst,Python,Intermediate,Coding,Write Python code to remove duplicates from a list.,Use set() or loop.,To be generated by the AI interview assistant.
Q0026,Data Scientist,Machine Learning,Beginner,Technical,Explain overfitting and underfitting.,Bias-variance tradeoff.,To be generated by the AI interview assistant.
Q0027,Data Scientist,Python,Intermediate,Coding,How do you handle missing values in Pandas?,"fillna(), dropna().",To be generated by the AI interview assistant.
Q0028,Data Scientist,Deep Learning,Advanced,Technical,What is backpropagation?,Gradient-based weight updates.,To be generated by the AI interview assistant.
Q0029,Data Scientist,Statistics,Beginner,Technical,Explain p-value.,Hypothesis testing.,To be generated by the AI interview assistant.
Q0030,Data Scientist,NLP,Intermediate,Technical,What is TF-IDF?,Text feature representation.,To be generated by the AI interview assistant.
Q0031,ML Engineer,TensorFlow,Beginner,Technical,What is TensorFlow?,Deep learning framework.,To be generated by the AI interview assistant.
Q0032,ML Engineer,PyTorch,Intermediate,Technical,Difference between TensorFlow and PyTorch.,Execution models.,To be generated by the AI interview assistant.
Q0033,ML Engineer,Docker,Advanced,Technical,Why use Docker in ML?,Deployment consistency.,To be generated by the AI interview assistant.
Q0034,ML Engineer,MLOps,Beginner,Scenario,Describe an ML deployment pipeline.,Training to production.,To be generated by the AI interview assistant.
Q0035,ML Engineer,Python,Intermediate,Coding,Implement linear regression in Python.,Basic ML implementation.,To be generated by the AI interview assistant.
Q0036,HR,Communication,Beginner,HR,Tell me about yourself.,Concise professional introduction.,To be generated by the AI interview assistant.
Q0037,HR,Leadership,Intermediate,HR,Describe a challenging situation.,STAR method.,To be generated by the AI interview assistant.
Q0038,HR,Teamwork,Advanced,HR,How do you resolve conflicts?,Communication and collaboration.,To be generated by the AI interview assistant.
Q0039,HR,Career,Beginner,HR,Why should we hire you?,Relevant strengths.,To be generated by the AI interview assistant.
Q0040,HR,Goals,Intermediate,HR,Where do you see yourself in 5 years?,Growth-oriented answer.,To be generated by the AI interview assistant.
Q0041,Data Analyst,SQL,Beginner,Technical,Explain the difference between INNER JOIN and LEFT JOIN.,Understanding of joins with examples.,To be generated by the AI interview assistant.
Q0042,Data Analyst,Excel,Intermediate,Technical,What is a Pivot Table and when would you use it?,Summarizing and analyzing data.,To be generated by the AI interview assistant.
Q0043,Data Analyst,Statistics,Advanced,Technical,What is the difference between mean and median?,Definitions and use cases.,To be generated by the AI interview assistant.
Q0044,Data Analyst,Power BI,Beginner,Technical,What are DAX measures?,Calculated measures using DAX.,To be generated by the AI interview assistant.
Q0045,Data Analyst,Python,Intermediate,Coding,Write Python code to remove duplicates from a list.,Use set() or loop.,To be generated by the AI interview assistant.
Q0046,Data Scientist,Machine Learning,Beginner,Technical,Explain overfitting and underfitting.,Bias-variance tradeoff.,To be generated by the AI interview assistant.
Q0047,Data Scientist,Python,Intermediate,Coding,How do you handle missing values in Pandas?,"fillna(), dropna().",To be generated by the AI interview assistant.
Q0048,Data Scientist,Deep Learning,Advanced,Technical,What is backpropagation?,Gradient-based weight updates.,To be generated by the AI interview assistant.
Q0049,Data Scientist,Statistics,Beginner,Technical,Explain p-value.,Hypothesis testing.,To be generated by the AI interview assistant.
Q0050,Data Scientist,NLP,Intermediate,Technical,What is TF-IDF?,Text feature representation.,To be generated by the AI interview assistant.
Q0051,ML Engineer,TensorFlow,Beginner,Technical,What is TensorFlow?,Deep learning framework.,To be generated by the AI interview assistant.
Q0052,ML Engineer,PyTorch,Intermediate,Technical,Difference between TensorFlow and PyTorch.,Execution models.,To be generated by the AI interview assistant.
Q0053,ML Engineer,Docker,Advanced,Technical,Why use Docker in ML?,Deployment consistency.,To be generated by the AI interview assistant.
Q0054,ML Engineer,MLOps,Beginner,Scenario,Describe an ML deployment pipeline.,Training to production.,To be generated by the AI interview assistant.
Q0055,ML Engineer,Python,Intermediate,Coding,Implement linear regression in Python.,Basic ML implementation.,To be generated by the AI interview assistant.
Q0056,HR,Communication,Beginner,HR,Tell me about yourself.,Concise professional introduction.,To be generated by the AI interview assistant.
Q0057,HR,Leadership,Intermediate,HR,Describe a challenging situation.,STAR method.,To be generated by the AI interview assistant.
Q0058,HR,Teamwork,Advanced,HR,How do you resolve conflicts?,Communication and collaboration.,To be generated by the AI interview assistant.
Q0059,HR,Career,Beginner,HR,Why should we hire you?,Relevant strengths.,To be generated by the AI interview assistant.
Q0060,HR,Goals,Intermediate,HR,Where do you see yourself in 5 years?,Growth-oriented answer.,To be generated by the AI interview assistant.
Q0061,Data Analyst,SQL,Beginner,Technical,Explain the difference between INNER JOIN and LEFT JOIN.,Understanding of joins with examples.,To be generated by the AI interview assistant.
Q0062,Data Analyst,Excel,Intermediate,Technical,What is a Pivot Table and when would you use it?,Summarizing and analyzing data.,To be generated by the AI interview assistant.
Q0063,Data Analyst,Statistics,Advanced,Technical,What is the difference between mean and median?,Definitions and use cases.,To be generated by the AI interview assistant.
Q0064,Data Analyst,Power BI,Beginner,Technical,What are DAX measures?,Calculated measures using DAX.,To be generated by the AI interview assistant.
Q0065,Data Analyst,Python,Intermediate,Coding,Write Python code to remove duplicates from a list.,Use set() or loop.,To be generated by the AI interview assistant.
Q0066,Data Scientist,Machine Learning,Beginner,Technical,Explain overfitting and underfitting.,Bias-variance tradeoff.,To be generated by the AI interview assistant.
Q0067,Data Scientist,Python,Intermediate,Coding,How do you handle missing values in Pandas?,"fillna(), dropna().",To be generated by the AI interview assistant.
Q0068,Data Scientist,Deep Learning,Advanced,Technical,What is backpropagation?,Gradient-based weight updates.,To be generated by the AI interview assistant.
Q0069,Data Scientist,Statistics,Beginner,Technical,Explain p-value.,Hypothesis testing.,To be generated by the AI interview assistant.
Q0070,Data Scientist,NLP,Intermediate,Technical,What is TF-IDF?,Text feature representation.,To be generated by the AI interview assistant.
Q0071,ML Engineer,TensorFlow,Beginner,Technical,What is TensorFlow?,Deep learning framework.,To be generated by the AI interview assistant.
Q0072,ML Engineer,PyTorch,Intermediate,Technical,Difference between TensorFlow and PyTorch.,Execution models.,To be generated by the AI interview assistant.
Q0073,ML Engineer,Docker,Advanced,Technical,Why use Docker in ML?,Deployment consistency.,To be generated by the AI interview assistant.
Q0074,ML Engineer,MLOps,Beginner,Scenario,Describe an ML deployment pipeline.,Training to production.,To be generated by the AI interview assistant.
Q0075,ML Engineer,Python,Intermediate,Coding,Implement linear regression in Python.,Basic ML implementation.,To be generated by the AI interview assistant.
Q0076,HR,Communication,Beginner,HR,Tell me about yourself.,Concise professional introduction.,To be generated by the AI interview assistant.
Q0077,HR,Leadership,Intermediate,HR,Describe a challenging situation.,STAR method.,To be generated by the AI interview assistant.
Q0078,HR,Teamwork,Advanced,HR,How do you resolve conflicts?,Communication and collaboration.,To be generated by the AI interview assistant.
Q0079,HR,Career,Beginner,HR,Why should we hire you?,Relevant strengths.,To be generated by the AI interview assistant.
Q0080,HR,Goals,Intermediate,HR,Where do you see yourself in 5 years?,Growth-oriented answer.,To be generated by the AI interview assistant.
Q0081,Data Analyst,SQL,Beginner,Technical,Explain the difference between INNER JOIN and LEFT JOIN.,Understanding of joins with examples.,To be generated by the AI interview assistant.
Q0082,Data Analyst,Excel,Intermediate,Technical,What is a Pivot Table and when would you use it?,Summarizing and analyzing data.,To be generated by the AI interview assistant.
Q0083,Data Analyst,Statistics,Advanced,Technical,What is the difference between mean and median?,Definitions and use cases.,To be generated by the AI interview assistant.
Q0084,Data Analyst,Power BI,Beginner,Technical,What are DAX measures?,Calculated measures using DAX.,To be generated by the AI interview assistant.
Q0085,Data Analyst,Python,Intermediate,Coding,Write Python code to remove duplicates from a list.,Use set() or loop.,To be generated by the AI interview assistant.
Q0086,Data Scientist,Machine Learning,Beginner,Technical,Explain overfitting and underfitting.,Bias-variance tradeoff.,To be generated by the AI interview assistant.
Q0087,Data Scientist,Python,Intermediate,Coding,How do you handle missing values in Pandas?,"fillna(), dropna().",To be generated by the AI interview assistant.
Q0088,Data Scientist,Deep Learning,Advanced,Technical,What is backpropagation?,Gradient-based weight updates.,To be generated by the AI interview assistant.
Q0089,Data Scientist,Statistics,Beginner,Technical,Explain p-value.,Hypothesis testing.,To be generated by the AI interview assistant.
Q0090,Data Scientist,NLP,Intermediate,Technical,What is TF-IDF?,Text feature representation.,To be generated by the AI interview assistant.
Q0091,ML Engineer,TensorFlow,Beginner,Technical,What is TensorFlow?,Deep learning framework.,To be generated by the AI interview assistant.
Q0092,ML Engineer,PyTorch,Intermediate,Technical,Difference between TensorFlow and PyTorch.,Execution models.,To be generated by the AI interview assistant.
Q0093,ML Engineer,Docker,Advanced,Technical,Why use Docker in ML?,Deployment consistency.,To be generated by the AI interview assistant.
Q0094,ML Engineer,MLOps,Beginner,Scenario,Describe an ML deployment pipeline.,Training to production.,To be generated by the AI interview assistant.
Q0095,ML Engineer,Python,Intermediate,Coding,Implement linear regression in Python.,Basic ML implementation.,To be generated by the AI interview assistant.
Q0096,HR,Communication,Beginner,HR,Tell me about yourself.,Concise professional introduction.,To be generated by the AI interview assistant.
Q0097,HR,Leadership,Intermediate,HR,Describe a challenging situation.,STAR method.,To be generated by the AI interview assistant.
Q0098,HR,Teamwork,Advanced,HR,How do you resolve conflicts?,Communication and collaboration.,To be generated by the AI interview assistant.
Q0099,HR,Career,Beginner,HR,Why should we hire you?,Relevant strengths.,To be generated by the AI interview assistant.
Q0100,HR,Goals,Intermediate,HR,Where do you see yourself in 5 years?,Growth-oriented answer.,To be generated by the AI interview assistant.
Q0101,Data Analyst,SQL,Beginner,Technical,Explain the difference between INNER JOIN and LEFT JOIN.,Understanding of joins with examples.,To be generated by the AI interview assistant.
Q0102,Data Analyst,Excel,Intermediate,Technical,What is a Pivot Table and when would you use it?,Summarizing and analyzing data.,To be generated by the AI interview assistant.
Q0103,Data Analyst,Statistics,Advanced,Technical,What is the difference between mean and median?,Definitions and use cases.,To be generated by the AI interview assistant.
Q0104,Data Analyst,Power BI,Beginner,Technical,What are DAX measures?,Calculated measures using DAX.,To be generated by the AI interview assistant.
Q0105,Data Analyst,Python,Intermediate,Coding,Write Python code to remove duplicates from a list.,Use set() or loop.,To be generated by the AI interview assistant.
Q0106,Data Scientist,Machine Learning,Beginner,Technical,Explain overfitting and underfitting.,Bias-variance tradeoff.,To be generated by the AI interview assistant.
Q0107,Data Scientist,Python,Intermediate,Coding,How do you handle missing values in Pandas?,"fillna(), dropna().",To be generated by the AI interview assistant.
Q0108,Data Scientist,Deep Learning,Advanced,Technical,What is backpropagation?,Gradient-based weight updates.,To be generated by the AI interview assistant.
Q0109,Data Scientist,Statistics,Beginner,Technical,Explain p-value.,Hypothesis testing.,To be generated by the AI interview assistant.
Q0110,Data Scientist,NLP,Intermediate,Technical,What is TF-IDF?,Text feature representation.,To be generated by the AI interview assistant.
Q0111,ML Engineer,TensorFlow,Beginner,Technical,What is TensorFlow?,Deep learning framework.,To be generated by the AI interview assistant.
Q0112,ML Engineer,PyTorch,Intermediate,Technical,Difference between TensorFlow and PyTorch.,Execution models.,To be generated by the AI interview assistant.
Q0113,ML Engineer,Docker,Advanced,Technical,Why use Docker in ML?,Deployment consistency.,To be generated by the AI interview assistant.
Q0114,ML Engineer,MLOps,Beginner,Scenario,Describe an ML deployment pipeline.,Training to production.,To be generated by the AI interview assistant.
Q0115,ML Engineer,Python,Intermediate,Coding,Implement linear regression in Python.,Basic ML implementation.,To be generated by the AI interview assistant.
Q0116,HR,Communication,Beginner,HR,Tell me about yourself.,Concise professional introduction.,To be generated by the AI interview assistant.
Q0117,HR,Leadership,Intermediate,HR,Describe a challenging situation.,STAR method.,To be generated by the AI interview assistant.
Q0118,HR,Teamwork,Advanced,HR,How do you resolve conflicts?,Communication and collaboration.,To be generated by the AI interview assistant.
Q0119,HR,Career,Beginner,HR,Why should we hire you?,Relevant strengths.,To be generated by the AI interview assistant.
Q0120,HR,Goals,Intermediate,HR,Where do you see yourself in 5 years?,Growth-oriented answer.,To be generated by the AI interview assistant.
Q0121,Data Analyst,SQL,Beginner,Technical,Explain the difference between INNER JOIN and LEFT JOIN.,Understanding of joins with examples.,To be generated by the AI interview assistant.
Q0122,Data Analyst,Excel,Intermediate,Technical,What is a Pivot Table and when would you use it?,Summarizing and analyzing data.,To be generated by the AI interview assistant.
Q0123,Data Analyst,Statistics,Advanced,Technical,What is the difference between mean and median?,Definitions and use cases.,To be generated by the AI interview assistant.
Q0124,Data Analyst,Power BI,Beginner,Technical,What are DAX measures?,Calculated measures using DAX.,To be generated by the AI interview assistant.
Q0125,Data Analyst,Python,Intermediate,Coding,Write Python code to remove duplicates from a list.,Use set() or loop.,To be generated by the AI interview assistant.
Q0126,Data Scientist,Machine Learning,Beginner,Technical,Explain overfitting and underfitting.,Bias-variance tradeoff.,To be generated by the AI interview assistant.
Q0127,Data Scientist,Python,Intermediate,Coding,How do you handle missing values in Pandas?,"fillna(), dropna().",To be generated by the AI interview assistant.
Q0128,Data Scientist,Deep Learning,Advanced,Technical,What is backpropagation?,Gradient-based weight updates.,To be generated by the AI interview assistant.
Q0129,Data Scientist,Statistics,Beginner,Technical,Explain p-value.,Hypothesis testing.,To be generated by the AI interview assistant.
Q0130,Data Scientist,NLP,Intermediate,Technical,What is TF-IDF?,Text feature representation.,To be generated by the AI interview assistant.
Q0131,ML Engineer,TensorFlow,Beginner,Technical,What is TensorFlow?,Deep learning framework.,To be generated by the AI interview assistant.
Q0132,ML Engineer,PyTorch,Intermediate,Technical,Difference between TensorFlow and PyTorch.,Execution models.,To be generated by the AI interview assistant.
Q0133,ML Engineer,Docker,Advanced,Technical,Why use Docker in ML?,Deployment consistency.,To be generated by the AI interview assistant.
Q0134,ML Engineer,MLOps,Beginner,Scenario,Describe an ML deployment pipeline.,Training to production.,To be generated by the AI interview assistant.
Q0135,ML Engineer,Python,Intermediate,Coding,Implement linear regression in Python.,Basic ML implementation.,To be generated by the AI interview assistant.
Q0136,HR,Communication,Beginner,HR,Tell me about yourself.,Concise professional introduction.,To be generated by the AI interview assistant.
Q0137,HR,Leadership,Intermediate,HR,Describe a challenging situation.,STAR method.,To be generated by the AI interview assistant.
Q0138,HR,Teamwork,Advanced,HR,How do you resolve conflicts?,Communication and collaboration.,To be generated by the AI interview assistant.
Q0139,HR,Career,Beginner,HR,Why should we hire you?,Relevant strengths.,To be generated by the AI interview assistant.
Q0140,HR,Goals,Intermediate,HR,Where do you see yourself in 5 years?,Growth-oriented answer.,To be generated by the AI interview assistant.
Q0141,Data Analyst,SQL,Beginner,Technical,Explain the difference between INNER JOIN and LEFT JOIN.,Understanding of joins with examples.,To be generated by the AI interview assistant.
Q0142,Data Analyst,Excel,Intermediate,Technical,What is a Pivot Table and when would you use it?,Summarizing and analyzing data.,To be generated by the AI interview assistant.
Q0143,Data Analyst,Statistics,Advanced,Technical,What is the difference between mean and median?,Definitions and use cases.,To be generated by the AI interview assistant.
Q0144,Data Analyst,Power BI,Beginner,Technical,What are DAX measures?,Calculated measures using DAX.,To be generated by the AI interview assistant.
Q0145,Data Analyst,Python,Intermediate,Coding,Write Python code to remove duplicates from a list.,Use set() or loop.,To be generated by the AI interview assistant.
Q0146,Data Scientist,Machine Learning,Beginner,Technical,Explain overfitting and underfitting.,Bias-variance tradeoff.,To be generated by the AI interview assistant.
Q0147,Data Scientist,Python,Intermediate,Coding,How do you handle missing values in Pandas?,"fillna(), dropna().",To be generated by the AI interview assistant.
Q0148,Data Scientist,Deep Learning,Advanced,Technical,What is backpropagation?,Gradient-based weight updates.,To be generated by the AI interview assistant.
Q0149,Data Scientist,Statistics,Beginner,Technical,Explain p-value.,Hypothesis testing.,To be generated by the AI interview assistant.
Q0150,Data Scientist,NLP,Intermediate,Technical,What is TF-IDF?,Text feature representation.,To be generated by the AI interview assistant.
Q0151,ML Engineer,TensorFlow,Beginner,Technical,What is TensorFlow?,Deep learning framework.,To be generated by the AI interview assistant.
Q0152,ML Engineer,PyTorch,Intermediate,Technical,Difference between TensorFlow and PyTorch.,Execution models.,To be generated by the AI interview assistant.
Q0153,ML Engineer,Docker,Advanced,Technical,Why use Docker in ML?,Deployment consistency.,To be generated by the AI interview assistant.
Q0154,ML Engineer,MLOps,Beginner,Scenario,Describe an ML deployment pipeline.,Training to production.,To be generated by the AI interview assistant.
Q0155,ML Engineer,Python,Intermediate,Coding,Implement linear regression in Python.,Basic ML implementation.,To be generated by the AI interview assistant.
Q0156,HR,Communication,Beginner,HR,Tell me about yourself.,Concise professional introduction.,To be generated by the AI interview assistant.
Q0157,HR,Leadership,Intermediate,HR,Describe a challenging situation.,STAR method.,To be generated by the AI interview assistant.
Q0158,HR,Teamwork,Advanced,HR,How do you resolve conflicts?,Communication and collaboration.,To be generated by the AI interview assistant.
Q0159,HR,Career,Beginner,HR,Why should we hire you?,Relevant strengths.,To be generated by the AI interview assistant.
Q0160,HR,Goals,Intermediate,HR,Where do you see yourself in 5 years?,Growth-oriented answer.,To be generated by the AI interview assistant.
Q0161,Data Analyst,SQL,Beginner,Technical,Explain the difference between INNER JOIN and LEFT JOIN.,Understanding of joins with examples.,To be generated by the AI interview assistant.
Q0162,Data Analyst,Excel,Intermediate,Technical,What is a Pivot Table and when would you use it?,Summarizing and analyzing data.,To be generated by the AI interview assistant.
Q0163,Data Analyst,Statistics,Advanced,Technical,What is the difference between mean and median?,Definitions and use cases.,To be generated by the AI interview assistant.
Q0164,Data Analyst,Power BI,Beginner,Technical,What are DAX measures?,Calculated measures using DAX.,To be generated by the AI interview assistant.
Q0165,Data Analyst,Python,Intermediate,Coding,Write Python code to remove duplicates from a list.,Use set() or loop.,To be generated by the AI interview assistant.
Q0166,Data Scientist,Machine Learning,Beginner,Technical,Explain overfitting and underfitting.,Bias-variance tradeoff.,To be generated by the AI interview assistant.
Q0167,Data Scientist,Python,Intermediate,Coding,How do you handle missing values in Pandas?,"fillna(), dropna().",To be generated by the AI interview assistant.
Q0168,Data Scientist,Deep Learning,Advanced,Technical,What is backpropagation?,Gradient-based weight updates.,To be generated by the AI interview assistant.
Q0169,Data Scientist,Statistics,Beginner,Technical,Explain p-value.,Hypothesis testing.,To be generated by the AI interview assistant.
Q0170,Data Scientist,NLP,Intermediate,Technical,What is TF-IDF?,Text feature representation.,To be generated by the AI interview assistant.
Q0171,ML Engineer,TensorFlow,Beginner,Technical,What is TensorFlow?,Deep learning framework.,To be generated by the AI interview assistant.
Q0172,ML Engineer,PyTorch,Intermediate,Technical,Difference between TensorFlow and PyTorch.,Execution models.,To be generated by the AI interview assistant.
Q0173,ML Engineer,Docker,Advanced,Technical,Why use Docker in ML?,Deployment consistency.,To be generated by the AI interview assistant.
Q0174,ML Engineer,MLOps,Beginner,Scenario,Describe an ML deployment pipeline.,Training to production.,To be generated by the AI interview assistant.
Q0175,ML Engineer,Python,Intermediate,Coding,Implement linear regression in Python.,Basic ML implementation.,To be generated by the AI interview assistant.
Q0176,HR,Communication,Beginner,HR,Tell me about yourself.,Concise professional introduction.,To be generated by the AI interview assistant.
Q0177,HR,Leadership,Intermediate,HR,Describe a challenging situation.,STAR method.,To be generated by the AI interview assistant.
Q0178,HR,Teamwork,Advanced,HR,How do you resolve conflicts?,Communication and collaboration.,To be generated by the AI interview assistant.
Q0179,HR,Career,Beginner,HR,Why should we hire you?,Relevant strengths.,To be generated by the AI interview assistant.
Q0180,HR,Goals,Intermediate,HR,Where do you see yourself in 5 years?,Growth-oriented answer.,To be generated by the AI interview assistant.
Q0181,Data Analyst,SQL,Beginner,Technical,Explain the difference between INNER JOIN and LEFT JOIN.,Understanding of joins with examples.,To be generated by the AI interview assistant.
Q0182,Data Analyst,Excel,Intermediate,Technical,What is a Pivot Table and when would you use it?,Summarizing and analyzing data.,To be generated by the AI interview assistant.
Q0183,Data Analyst,Statistics,Advanced,Technical,What is the difference between mean and median?,Definitions and use cases.,To be generated by the AI interview assistant.
Q0184,Data Analyst,Power BI,Beginner,Technical,What are DAX measures?,Calculated measures using DAX.,To be generated by the AI interview assistant.
Q0185,Data Analyst,Python,Intermediate,Coding,Write Python code to remove duplicates from a list.,Use set() or loop.,To be generated by the AI interview assistant.
Q0186,Data Scientist,Machine Learning,Beginner,Technical,Explain overfitting and underfitting.,Bias-variance tradeoff.,To be generated by the AI interview assistant.
Q0187,Data Scientist,Python,Intermediate,Coding,How do you handle missing values in Pandas?,"fillna(), dropna().",To be generated by the AI interview assistant.
Q0188,Data Scientist,Deep Learning,Advanced,Technical,What is backpropagation?,Gradient-based weight updates.,To be generated by the AI interview assistant.
Q0189,Data Scientist,Statistics,Beginner,Technical,Explain p-value.,Hypothesis testing.,To be generated by the AI interview assistant.
Q0190,Data Scientist,NLP,Intermediate,Technical,What is TF-IDF?,Text feature representation.,To be generated by the AI interview assistant.
Q0191,ML Engineer,TensorFlow,Beginner,Technical,What is TensorFlow?,Deep learning framework.,To be generated by the AI interview assistant.
Q0192,ML Engineer,PyTorch,Intermediate,Technical,Difference between TensorFlow and PyTorch.,Execution models.,To be generated by the AI interview assistant.
Q0193,ML Engineer,Docker,Advanced,Technical,Why use Docker in ML?,Deployment consistency.,To be generated by the AI interview assistant.
Q0194,ML Engineer,MLOps,Beginner,Scenario,Describe an ML deployment pipeline.,Training to production.,To be generated by the AI interview assistant.
Q0195,ML Engineer,Python,Intermediate,Coding,Implement linear regression in Python.,Basic ML implementation.,To be generated by the AI interview assistant.
Q0196,HR,Communication,Beginner,HR,Tell me about yourself.,Concise professional introduction.,To be generated by the AI interview assistant.
Q0197,HR,Leadership,Intermediate,HR,Describe a challenging situation.,STAR method.,To be generated by the AI interview assistant.
Q0198,HR,Teamwork,Advanced,HR,How do you resolve conflicts?,Communication and collaboration.,To be generated by the AI interview assistant.
Q0199,HR,Career,Beginner,HR,Why should we hire you?,Relevant strengths.,To be generated by the AI interview assistant.
Q0200,HR,Goals,Intermediate,HR,Where do you see yourself in 5 years?,Growth-oriented answer.,To be generated by the AI interview assistant.
Q0201,Data Analyst,SQL,Beginner,Technical,Explain the difference between INNER JOIN and LEFT JOIN.,Understanding of joins with examples.,To be generated by the AI interview assistant.
Q0202,Data Analyst,Excel,Intermediate,Technical,What is a Pivot Table and when would you use it?,Summarizing and analyzing data.,To be generated by the AI interview assistant.
Q0203,Data Analyst,Statistics,Advanced,Technical,What is the difference between mean and median?,Definitions and use cases.,To be generated by the AI interview assistant.
Q0204,Data Analyst,Power BI,Beginner,Technical,What are DAX measures?,Calculated measures using DAX.,To be generated by the AI interview assistant.
Q0205,Data Analyst,Python,Intermediate,Coding,Write Python code to remove duplicates from a list.,Use set() or loop.,To be generated by the AI interview assistant.
Q0206,Data Scientist,Machine Learning,Beginner,Technical,Explain overfitting and underfitting.,Bias-variance tradeoff.,To be generated by the AI interview assistant.
Q0207,Data Scientist,Python,Intermediate,Coding,How do you handle missing values in Pandas?,"fillna(), dropna().",To be generated by the AI interview assistant.
Q0208,Data Scientist,Deep Learning,Advanced,Technical,What is backpropagation?,Gradient-based weight updates.,To be generated by the AI interview assistant.
Q0209,Data Scientist,Statistics,Beginner,Technical,Explain p-value.,Hypothesis testing.,To be generated by the AI interview assistant.
Q0210,Data Scientist,NLP,Intermediate,Technical,What is TF-IDF?,Text feature representation.,To be generated by the AI interview assistant.
Q0211,ML Engineer,TensorFlow,Beginner,Technical,What is TensorFlow?,Deep learning framework.,To be generated by the AI interview assistant.
Q0212,ML Engineer,PyTorch,Intermediate,Technical,Difference between TensorFlow and PyTorch.,Execution models.,To be generated by the AI interview assistant.
Q0213,ML Engineer,Docker,Advanced,Technical,Why use Docker in ML?,Deployment consistency.,To be generated by the AI interview assistant.
Q0214,ML Engineer,MLOps,Beginner,Scenario,Describe an ML deployment pipeline.,Training to production.,To be generated by the AI interview assistant.
Q0215,ML Engineer,Python,Intermediate,Coding,Implement linear regression in Python.,Basic ML implementation.,To be generated by the AI interview assistant.
Q0216,HR,Communication,Beginner,HR,Tell me about yourself.,Concise professional introduction.,To be generated by the AI interview assistant.
Q0217,HR,Leadership,Intermediate,HR,Describe a challenging situation.,STAR method.,To be generated by the AI interview assistant.
Q0218,HR,Teamwork,Advanced,HR,How do you resolve conflicts?,Communication and collaboration.,To be generated by the AI interview assistant.
Q0219,HR,Career,Beginner,HR,Why should we hire you?,Relevant strengths.,To be generated by the AI interview assistant.
Q0220,HR,Goals,Intermediate,HR,Where do you see yourself in 5 years?,Growth-oriented answer.,To be generated by the AI interview assistant.
Q0221,Data Analyst,SQL,Beginner,Technical,Explain the difference between INNER JOIN and LEFT JOIN.,Understanding of joins with examples.,To be generated by the AI interview assistant.
Q0222,Data Analyst,Excel,Intermediate,Technical,What is a Pivot Table and when would you use it?,Summarizing and analyzing data.,To be generated by the AI interview assistant.
Q0223,Data Analyst,Statistics,Advanced,Technical,What is the difference between mean and median?,Definitions and use cases.,To be generated by the AI interview assistant.
Q0224,Data Analyst,Power BI,Beginner,Technical,What are DAX measures?,Calculated measures using DAX.,To be generated by the AI interview assistant.
Q0225,Data Analyst,Python,Intermediate,Coding,Write Python code to remove duplicates from a list.,Use set() or loop.,To be generated by the AI interview assistant.
Q0226,Data Scientist,Machine Learning,Beginner,Technical,Explain overfitting and underfitting.,Bias-variance tradeoff.,To be generated by the AI interview assistant.
Q0227,Data Scientist,Python,Intermediate,Coding,How do you handle missing values in Pandas?,"fillna(), dropna().",To be generated by the AI interview assistant.
Q0228,Data Scientist,Deep Learning,Advanced,Technical,What is backpropagation?,Gradient-based weight updates.,To be generated by the AI interview assistant.
Q0229,Data Scientist,Statistics,Beginner,Technical,Explain p-value.,Hypothesis testing.,To be generated by the AI interview assistant.
Q0230,Data Scientist,NLP,Intermediate,Technical,What is TF-IDF?,Text feature representation.,To be generated by the AI interview assistant.
Q0231,ML Engineer,TensorFlow,Beginner,Technical,What is TensorFlow?,Deep learning framework.,To be generated by the AI interview assistant.
Q0232,ML Engineer,PyTorch,Intermediate,Technical,Difference between TensorFlow and PyTorch.,Execution models.,To be generated by the AI interview assistant.
Q0233,ML Engineer,Docker,Advanced,Technical,Why use Docker in ML?,Deployment consistency.,To be generated by the AI interview assistant.
Q0234,ML Engineer,MLOps,Beginner,Scenario,Describe an ML deployment pipeline.,Training to production.,To be generated by the AI interview assistant.
Q0235,ML Engineer,Python,Intermediate,Coding,Implement linear regression in Python.,Basic ML implementation.,To be generated by the AI interview assistant.
Q0236,HR,Communication,Beginner,HR,Tell me about yourself.,Concise professional introduction.,To be generated by the AI interview assistant.
Q0237,HR,Leadership,Intermediate,HR,Describe a challenging situation.,STAR method.,To be generated by the AI interview assistant.
Q0238,HR,Teamwork,Advanced,HR,How do you resolve conflicts?,Communication and collaboration.,To be generated by the AI interview assistant.
Q0239,HR,Career,Beginner,HR,Why should we hire you?,Relevant strengths.,To be generated by the AI interview assistant.
Q0240,HR,Goals,Intermediate,HR,Where do you see yourself in 5 years?,Growth-oriented answer.,To be generated by the AI interview assistant.
Q0241,Data Analyst,SQL,Beginner,Technical,Explain the difference between INNER JOIN and LEFT JOIN.,Understanding of joins with examples.,To be generated by the AI interview assistant.
Q0242,Data Analyst,Excel,Intermediate,Technical,What is a Pivot Table and when would you use it?,Summarizing and analyzing data.,To be generated by the AI interview assistant.
Q0243,Data Analyst,Statistics,Advanced,Technical,What is the difference between mean and median?,Definitions and use cases.,To be generated by the AI interview assistant.
Q0244,Data Analyst,Power BI,Beginner,Technical,What are DAX measures?,Calculated measures using DAX.,To be generated by the AI interview assistant.
Q0245,Data Analyst,Python,Intermediate,Coding,Write Python code to remove duplicates from a list.,Use set() or loop.,To be generated by the AI interview assistant.
Q0246,Data Scientist,Machine Learning,Beginner,Technical,Explain overfitting and underfitting.,Bias-variance tradeoff.,To be generated by the AI interview assistant.
Q0247,Data Scientist,Python,Intermediate,Coding,How do you handle missing values in Pandas?,"fillna(), dropna().",To be generated by the AI interview assistant.
Q0248,Data Scientist,Deep Learning,Advanced,Technical,What is backpropagation?,Gradient-based weight updates.,To be generated by the AI interview assistant.
Q0249,Data Scientist,Statistics,Beginner,Technical,Explain p-value.,Hypothesis testing.,To be generated by the AI interview assistant.
Q0250,Data Scientist,NLP,Intermediate,Technical,What is TF-IDF?,Text feature representation.,To be generated by the AI interview assistant.
Q0251,ML Engineer,TensorFlow,Beginner,Technical,What is TensorFlow?,Deep learning framework.,To be generated by the AI interview assistant.
Q0252,ML Engineer,PyTorch,Intermediate,Technical,Difference between TensorFlow and PyTorch.,Execution models.,To be generated by the AI interview assistant.
Q0253,ML Engineer,Docker,Advanced,Technical,Why use Docker in ML?,Deployment consistency.,To be generated by the AI interview assistant.
Q0254,ML Engineer,MLOps,Beginner,Scenario,Describe an ML deployment pipeline.,Training to production.,To be generated by the AI interview assistant.
Q0255,ML Engineer,Python,Intermediate,Coding,Implement linear regression in Python.,Basic ML implementation.,To be generated by the AI interview assistant.
Q0256,HR,Communication,Beginner,HR,Tell me about yourself.,Concise professional introduction.,To be generated by the AI interview assistant.
Q0257,HR,Leadership,Intermediate,HR,Describe a challenging situation.,STAR method.,To be generated by the AI interview assistant.
Q0258,HR,Teamwork,Advanced,HR,How do you resolve conflicts?,Communication and collaboration.,To be generated by the AI interview assistant.
Q0259,HR,Career,Beginner,HR,Why should we hire you?,Relevant strengths.,To be generated by the AI interview assistant.
Q0260,HR,Goals,Intermediate,HR,Where do you see yourself in 5 years?,Growth-oriented answer.,To be generated by the AI interview assistant.
Q0261,Data Analyst,SQL,Beginner,Technical,Explain the difference between INNER JOIN and LEFT JOIN.,Understanding of joins with examples.,To be generated by the AI interview assistant.
Q0262,Data Analyst,Excel,Intermediate,Technical,What is a Pivot Table and when would you use it?,Summarizing and analyzing data.,To be generated by the AI interview assistant.
Q0263,Data Analyst,Statistics,Advanced,Technical,What is the difference between mean and median?,Definitions and use cases.,To be generated by the AI interview assistant.
Q0264,Data Analyst,Power BI,Beginner,Technical,What are DAX measures?,Calculated measures using DAX.,To be generated by the AI interview assistant.
Q0265,Data Analyst,Python,Intermediate,Coding,Write Python code to remove duplicates from a list.,Use set() or loop.,To be generated by the AI interview assistant.
Q0266,Data Scientist,Machine Learning,Beginner,Technical,Explain overfitting and underfitting.,Bias-variance tradeoff.,To be generated by the AI interview assistant.
Q0267,Data Scientist,Python,Intermediate,Coding,How do you handle missing values in Pandas?,"fillna(), dropna().",To be generated by the AI interview assistant.
Q0268,Data Scientist,Deep Learning,Advanced,Technical,What is backpropagation?,Gradient-based weight updates.,To be generated by the AI interview assistant.
Q0269,Data Scientist,Statistics,Beginner,Technical,Explain p-value.,Hypothesis testing.,To be generated by the AI interview assistant.
Q0270,Data Scientist,NLP,Intermediate,Technical,What is TF-IDF?,Text feature representation.,To be generated by the AI interview assistant.
Q0271,ML Engineer,TensorFlow,Beginner,Technical,What is TensorFlow?,Deep learning framework.,To be generated by the AI interview assistant.
Q0272,ML Engineer,PyTorch,Intermediate,Technical,Difference between TensorFlow and PyTorch.,Execution models.,To be generated by the AI interview assistant.
Q0273,ML Engineer,Docker,Advanced,Technical,Why use Docker in ML?,Deployment consistency.,To be generated by the AI interview assistant.
Q0274,ML Engineer,MLOps,Beginner,Scenario,Describe an ML deployment pipeline.,Training to production.,To be generated by the AI interview assistant.
Q0275,ML Engineer,Python,Intermediate,Coding,Implement linear regression in Python.,Basic ML implementation.,To be generated by the AI interview assistant.
Q0276,HR,Communication,Beginner,HR,Tell me about yourself.,Concise professional introduction.,To be generated by the AI interview assistant.
Q0277,HR,Leadership,Intermediate,HR,Describe a challenging situation.,STAR method.,To be generated by the AI interview assistant.
Q0278,HR,Teamwork,Advanced,HR,How do you resolve conflicts?,Communication and collaboration.,To be generated by the AI interview assistant.
Q0279,HR,Career,Beginner,HR,Why should we hire you?,Relevant strengths.,To be generated by the AI interview assistant.
Q0280,HR,Goals,Intermediate,HR,Where do you see yourself in 5 years?,Growth-oriented answer.,To be generated by the AI interview assistant.
Q0281,Data Analyst,SQL,Beginner,Technical,Explain the difference between INNER JOIN and LEFT JOIN.,Understanding of joins with examples.,To be generated by the AI interview assistant.
Q0282,Data Analyst,Excel,Intermediate,Technical,What is a Pivot Table and when would you use it?,Summarizing and analyzing data.,To be generated by the AI interview assistant.
Q0283,Data Analyst,Statistics,Advanced,Technical,What is the difference between mean and median?,Definitions and use cases.,To be generated by the AI interview assistant.
Q0284,Data Analyst,Power BI,Beginner,Technical,What are DAX measures?,Calculated measures using DAX.,To be generated by the AI interview assistant.
Q0285,Data Analyst,Python,Intermediate,Coding,Write Python code to remove duplicates from a list.,Use set() or loop.,To be generated by the AI interview assistant.
Q0286,Data Scientist,Machine Learning,Beginner,Technical,Explain overfitting and underfitting.,Bias-variance tradeoff.,To be generated by the AI interview assistant.
Q0287,Data Scientist,Python,Intermediate,Coding,How do you handle missing values in Pandas?,"fillna(), dropna().",To be generated by the AI interview assistant.
Q0288,Data Scientist,Deep Learning,Advanced,Technical,What is backpropagation?,Gradient-based weight updates.,To be generated by the AI interview assistant.
Q0289,Data Scientist,Statistics,Beginner,Technical,Explain p-value.,Hypothesis testing.,To be generated by the AI interview assistant.
Q0290,Data Scientist,NLP,Intermediate,Technical,What is TF-IDF?,Text feature representation.,To be generated by the AI interview assistant.
Q0291,ML Engineer,TensorFlow,Beginner,Technical,What is TensorFlow?,Deep learning framework.,To be generated by the AI interview assistant.
Q0292,ML Engineer,PyTorch,Intermediate,Technical,Difference between TensorFlow and PyTorch.,Execution models.,To be generated by the AI interview assistant.
Q0293,ML Engineer,Docker,Advanced,Technical,Why use Docker in ML?,Deployment consistency.,To be generated by the AI interview assistant.
Q0294,ML Engineer,MLOps,Beginner,Scenario,Describe an ML deployment pipeline.,Training to production.,To be generated by the AI interview assistant.
Q0295,ML Engineer,Python,Intermediate,Coding,Implement linear regression in Python.,Basic ML implementation.,To be generated by the AI interview assistant.
Q0296,HR,Communication,Beginner,HR,Tell me about yourself.,Concise professional introduction.,To be generated by the AI interview assistant.
Q0297,HR,Leadership,Intermediate,HR,Describe a challenging situation.,STAR method.,To be generated by the AI interview assistant.
Q0298,HR,Teamwork,Advanced,HR,How do you resolve conflicts?,Communication and collaboration.,To be generated by the AI interview assistant.
Q0299,HR,Career,Beginner,HR,Why should we hire you?,Relevant strengths.,To be generated by the AI interview assistant.
Q0300,HR,Goals,Intermediate,HR,Where do you see yourself in 5 years?,Growth-oriented answer.,To be generated by the AI interview assistant.
Q0301,Data Analyst,SQL,Beginner,Technical,Explain the difference between INNER JOIN and LEFT JOIN.,Understanding of joins with examples.,To be generated by the AI interview assistant.
Q0302,Data Analyst,Excel,Intermediate,Technical,What is a Pivot Table and when would you use it?,Summarizing and analyzing data.,To be generated by the AI interview assistant.
Q0303,Data Analyst,Statistics,Advanced,Technical,What is the difference between mean and median?,Definitions and use cases.,To be generated by the AI interview assistant.
Q0304,Data Analyst,Power BI,Beginner,Technical,What are DAX measures?,Calculated measures using DAX.,To be generated by the AI interview assistant.
Q0305,Data Analyst,Python,Intermediate,Coding,Write Python code to remove duplicates from a list.,Use set() or loop.,To be generated by the AI interview assistant.
Q0306,Data Scientist,Machine Learning,Beginner,Technical,Explain overfitting and underfitting.,Bias-variance tradeoff.,To be generated by the AI interview assistant.
Q0307,Data Scientist,Python,Intermediate,Coding,How do you handle missing values in Pandas?,"fillna(), dropna().",To be generated by the AI interview assistant.
Q0308,Data Scientist,Deep Learning,Advanced,Technical,What is backpropagation?,Gradient-based weight updates.,To be generated by the AI interview assistant.
Q0309,Data Scientist,Statistics,Beginner,Technical,Explain p-value.,Hypothesis testing.,To be generated by the AI interview assistant.
Q0310,Data Scientist,NLP,Intermediate,Technical,What is TF-IDF?,Text feature representation.,To be generated by the AI interview assistant.
Q0311,ML Engineer,TensorFlow,Beginner,Technical,What is TensorFlow?,Deep learning framework.,To be generated by the AI interview assistant.
Q0312,ML Engineer,PyTorch,Intermediate,Technical,Difference between TensorFlow and PyTorch.,Execution models.,To be generated by the AI interview assistant.
Q0313,ML Engineer,Docker,Advanced,Technical,Why use Docker in ML?,Deployment consistency.,To be generated by the AI interview assistant.
Q0314,ML Engineer,MLOps,Beginner,Scenario,Describe an ML deployment pipeline.,Training to production.,To be generated by the AI interview assistant.
Q0315,ML Engineer,Python,Intermediate,Coding,Implement linear regression in Python.,Basic ML implementation.,To be generated by the AI interview assistant.
Q0316,HR,Communication,Beginner,HR,Tell me about yourself.,Concise professional introduction.,To be generated by the AI interview assistant.
Q0317,HR,Leadership,Intermediate,HR,Describe a challenging situation.,STAR method.,To be generated by the AI interview assistant.
Q0318,HR,Teamwork,Advanced,HR,How do you resolve conflicts?,Communication and collaboration.,To be generated by the AI interview assistant.
Q0319,HR,Career,Beginner,HR,Why should we hire you?,Relevant strengths.,To be generated by the AI interview assistant.
Q0320,HR,Goals,Intermediate,HR,Where do you see yourself in 5 years?,Growth-oriented answer.,To be generated by the AI interview assistant.
Q0321,Data Analyst,SQL,Beginner,Technical,Explain the difference between INNER JOIN and LEFT JOIN.,Understanding of joins with examples.,To be generated by the AI interview assistant.
Q0322,Data Analyst,Excel,Intermediate,Technical,What is a Pivot Table and when would you use it?,Summarizing and analyzing data.,To be generated by the AI interview assistant.
Q0323,Data Analyst,Statistics,Advanced,Technical,What is the difference between mean and median?,Definitions and use cases.,To be generated by the AI interview assistant.
Q0324,Data Analyst,Power BI,Beginner,Technical,What are DAX measures?,Calculated measures using DAX.,To be generated by the AI interview assistant.
Q0325,Data Analyst,Python,Intermediate,Coding,Write Python code to remove duplicates from a list.,Use set() or loop.,To be generated by the AI interview assistant.
Q0326,Data Scientist,Machine Learning,Beginner,Technical,Explain overfitting and underfitting.,Bias-variance tradeoff.,To be generated by the AI interview assistant.
Q0327,Data Scientist,Python,Intermediate,Coding,How do you handle missing values in Pandas?,"fillna(), dropna().",To be generated by the AI interview assistant.
Q0328,Data Scientist,Deep Learning,Advanced,Technical,What is backpropagation?,Gradient-based weight updates.,To be generated by the AI interview assistant.
Q0329,Data Scientist,Statistics,Beginner,Technical,Explain p-value.,Hypothesis testing.,To be generated by the AI interview assistant.
Q0330,Data Scientist,NLP,Intermediate,Technical,What is TF-IDF?,Text feature representation.,To be generated by the AI interview assistant.
Q0331,ML Engineer,TensorFlow,Beginner,Technical,What is TensorFlow?,Deep learning framework.,To be generated by the AI interview assistant.
Q0332,ML Engineer,PyTorch,Intermediate,Technical,Difference between TensorFlow and PyTorch.,Execution models.,To be generated by the AI interview assistant.
Q0333,ML Engineer,Docker,Advanced,Technical,Why use Docker in ML?,Deployment consistency.,To be generated by the AI interview assistant.
Q0334,ML Engineer,MLOps,Beginner,Scenario,Describe an ML deployment pipeline.,Training to production.,To be generated by the AI interview assistant.
Q0335,ML Engineer,Python,Intermediate,Coding,Implement linear regression in Python.,Basic ML implementation.,To be generated by the AI interview assistant.
Q0336,HR,Communication,Beginner,HR,Tell me about yourself.,Concise professional introduction.,To be generated by the AI interview assistant.
Q0337,HR,Leadership,Intermediate,HR,Describe a challenging situation.,STAR method.,To be generated by the AI interview assistant.
Q0338,HR,Teamwork,Advanced,HR,How do you resolve conflicts?,Communication and collaboration.,To be generated by the AI interview assistant.
Q0339,HR,Career,Beginner,HR,Why should we hire you?,Relevant strengths.,To be generated by the AI interview assistant.
Q0340,HR,Goals,Intermediate,HR,Where do you see yourself in 5 years?,Growth-oriented answer.,To be generated by the AI interview assistant.
Q0341,Data Analyst,SQL,Beginner,Technical,Explain the difference between INNER JOIN and LEFT JOIN.,Understanding of joins with examples.,To be generated by the AI interview assistant.
Q0342,Data Analyst,Excel,Intermediate,Technical,What is a Pivot Table and when would you use it?,Summarizing and analyzing data.,To be generated by the AI interview assistant.
Q0343,Data Analyst,Statistics,Advanced,Technical,What is the difference between mean and median?,Definitions and use cases.,To be generated by the AI interview assistant.
Q0344,Data Analyst,Power BI,Beginner,Technical,What are DAX measures?,Calculated measures using DAX.,To be generated by the AI interview assistant.
Q0345,Data Analyst,Python,Intermediate,Coding,Write Python code to remove duplicates from a list.,Use set() or loop.,To be generated by the AI interview assistant.
Q0346,Data Scientist,Machine Learning,Beginner,Technical,Explain overfitting and underfitting.,Bias-variance tradeoff.,To be generated by the AI interview assistant.
Q0347,Data Scientist,Python,Intermediate,Coding,How do you handle missing values in Pandas?,"fillna(), dropna().",To be generated by the AI interview assistant.
Q0348,Data Scientist,Deep Learning,Advanced,Technical,What is backpropagation?,Gradient-based weight updates.,To be generated by the AI interview assistant.
Q0349,Data Scientist,Statistics,Beginner,Technical,Explain p-value.,Hypothesis testing.,To be generated by the AI interview assistant.
Q0350,Data Scientist,NLP,Intermediate,Technical,What is TF-IDF?,Text feature representation.,To be generated by the AI interview assistant.
Q0351,ML Engineer,TensorFlow,Beginner,Technical,What is TensorFlow?,Deep learning framework.,To be generated by the AI interview assistant.
Q0352,ML Engineer,PyTorch,Intermediate,Technical,Difference between TensorFlow and PyTorch.,Execution models.,To be generated by the AI interview assistant.
Q0353,ML Engineer,Docker,Advanced,Technical,Why use Docker in ML?,Deployment consistency.,To be generated by the AI interview assistant.
Q0354,ML Engineer,MLOps,Beginner,Scenario,Describe an ML deployment pipeline.,Training to production.,To be generated by the AI interview assistant.
Q0355,ML Engineer,Python,Intermediate,Coding,Implement linear regression in Python.,Basic ML implementation.,To be generated by the AI interview assistant.
Q0356,HR,Communication,Beginner,HR,Tell me about yourself.,Concise professional introduction.,To be generated by the AI interview assistant.
Q0357,HR,Leadership,Intermediate,HR,Describe a challenging situation.,STAR method.,To be generated by the AI interview assistant.
Q0358,HR,Teamwork,Advanced,HR,How do you resolve conflicts?,Communication and collaboration.,To be generated by the AI interview assistant.
Q0359,HR,Career,Beginner,HR,Why should we hire you?,Relevant strengths.,To be generated by the AI interview assistant.
Q0360,HR,Goals,Intermediate,HR,Where do you see yourself in 5 years?,Growth-oriented answer.,To be generated by the AI interview assistant.
Q0361,Data Analyst,SQL,Beginner,Technical,Explain the difference between INNER JOIN and LEFT JOIN.,Understanding of joins with examples.,To be generated by the AI interview assistant.
Q0362,Data Analyst,Excel,Intermediate,Technical,What is a Pivot Table and when would you use it?,Summarizing and analyzing data.,To be generated by the AI interview assistant.
Q0363,Data Analyst,Statistics,Advanced,Technical,What is the difference between mean and median?,Definitions and use cases.,To be generated by the AI interview assistant.
Q0364,Data Analyst,Power BI,Beginner,Technical,What are DAX measures?,Calculated measures using DAX.,To be generated by the AI interview assistant.
Q0365,Data Analyst,Python,Intermediate,Coding,Write Python code to remove duplicates from a list.,Use set() or loop.,To be generated by the AI interview assistant.
Q0366,Data Scientist,Machine Learning,Beginner,Technical,Explain overfitting and underfitting.,Bias-variance tradeoff.,To be generated by the AI interview assistant.
Q0367,Data Scientist,Python,Intermediate,Coding,How do you handle missing values in Pandas?,"fillna(), dropna().",To be generated by the AI interview assistant.
Q0368,Data Scientist,Deep Learning,Advanced,Technical,What is backpropagation?,Gradient-based weight updates.,To be generated by the AI interview assistant.
Q0369,Data Scientist,Statistics,Beginner,Technical,Explain p-value.,Hypothesis testing.,To be generated by the AI interview assistant.
Q0370,Data Scientist,NLP,Intermediate,Technical,What is TF-IDF?,Text feature representation.,To be generated by the AI interview assistant.
Q0371,ML Engineer,TensorFlow,Beginner,Technical,What is TensorFlow?,Deep learning framework.,To be generated by the AI interview assistant.
Q0372,ML Engineer,PyTorch,Intermediate,Technical,Difference between TensorFlow and PyTorch.,Execution models.,To be generated by the AI interview assistant.
Q0373,ML Engineer,Docker,Advanced,Technical,Why use Docker in ML?,Deployment consistency.,To be generated by the AI interview assistant.
Q0374,ML Engineer,MLOps,Beginner,Scenario,Describe an ML deployment pipeline.,Training to production.,To be generated by the AI interview assistant.
Q0375,ML Engineer,Python,Intermediate,Coding,Implement linear regression in Python.,Basic ML implementation.,To be generated by the AI interview assistant.
Q0376,HR,Communication,Beginner,HR,Tell me about yourself.,Concise professional introduction.,To be generated by the AI interview assistant.
Q0377,HR,Leadership,Intermediate,HR,Describe a challenging situation.,STAR method.,To be generated by the AI interview assistant.
Q0378,HR,Teamwork,Advanced,HR,How do you resolve conflicts?,Communication and collaboration.,To be generated by the AI interview assistant.
Q0379,HR,Career,Beginner,HR,Why should we hire you?,Relevant strengths.,To be generated by the AI interview assistant.
Q0380,HR,Goals,Intermediate,HR,Where do you see yourself in 5 years?,Growth-oriented answer.,To be generated by the AI interview assistant.
Q0381,Data Analyst,SQL,Beginner,Technical,Explain the difference between INNER JOIN and LEFT JOIN.,Understanding of joins with examples.,To be generated by the AI interview assistant.
Q0382,Data Analyst,Excel,Intermediate,Technical,What is a Pivot Table and when would you use it?,Summarizing and analyzing data.,To be generated by the AI interview assistant.
Q0383,Data Analyst,Statistics,Advanced,Technical,What is the difference between mean and median?,Definitions and use cases.,To be generated by the AI interview assistant.
Q0384,Data Analyst,Power BI,Beginner,Technical,What are DAX measures?,Calculated measures using DAX.,To be generated by the AI interview assistant.
Q0385,Data Analyst,Python,Intermediate,Coding,Write Python code to remove duplicates from a list.,Use set() or loop.,To be generated by the AI interview assistant.
Q0386,Data Scientist,Machine Learning,Beginner,Technical,Explain overfitting and underfitting.,Bias-variance tradeoff.,To be generated by the AI interview assistant.
Q0387,Data Scientist,Python,Intermediate,Coding,How do you handle missing values in Pandas?,"fillna(), dropna().",To be generated by the AI interview assistant.
Q0388,Data Scientist,Deep Learning,Advanced,Technical,What is backpropagation?,Gradient-based weight updates.,To be generated by the AI interview assistant.
Q0389,Data Scientist,Statistics,Beginner,Technical,Explain p-value.,Hypothesis testing.,To be generated by the AI interview assistant.
Q0390,Data Scientist,NLP,Intermediate,Technical,What is TF-IDF?,Text feature representation.,To be generated by the AI interview assistant.
Q0391,ML Engineer,TensorFlow,Beginner,Technical,What is TensorFlow?,Deep learning framework.,To be generated by the AI interview assistant.
Q0392,ML Engineer,PyTorch,Intermediate,Technical,Difference between TensorFlow and PyTorch.,Execution models.,To be generated by the AI interview assistant.
Q0393,ML Engineer,Docker,Advanced,Technical,Why use Docker in ML?,Deployment consistency.,To be generated by the AI interview assistant.
Q0394,ML Engineer,MLOps,Beginner,Scenario,Describe an ML deployment pipeline.,Training to production.,To be generated by the AI interview assistant.
Q0395,ML Engineer,Python,Intermediate,Coding,Implement linear regression in Python.,Basic ML implementation.,To be generated by the AI interview assistant.
Q0396,HR,Communication,Beginner,HR,Tell me about yourself.,Concise professional introduction.,To be generated by the AI interview assistant.
Q0397,HR,Leadership,Intermediate,HR,Describe a challenging situation.,STAR method.,To be generated by the AI interview assistant.
Q0398,HR,Teamwork,Advanced,HR,How do you resolve conflicts?,Communication and collaboration.,To be generated by the AI interview assistant.
Q0399,HR,Career,Beginner,HR,Why should we hire you?,Relevant strengths.,To be generated by the AI interview assistant.
Q0400,HR,Goals,Intermediate,HR,Where do you see yourself in 5 years?,Growth-oriented answer.,To be generated by the AI interview assistant.
Q0401,Data Analyst,SQL,Beginner,Technical,Explain the difference between INNER JOIN and LEFT JOIN.,Understanding of joins with examples.,To be generated by the AI interview assistant.
Q0402,Data Analyst,Excel,Intermediate,Technical,What is a Pivot Table and when would you use it?,Summarizing and analyzing data.,To be generated by the AI interview assistant.
Q0403,Data Analyst,Statistics,Advanced,Technical,What is the difference between mean and median?,Definitions and use cases.,To be generated by the AI interview assistant.
Q0404,Data Analyst,Power BI,Beginner,Technical,What are DAX measures?,Calculated measures using DAX.,To be generated by the AI interview assistant.
Q0405,Data Analyst,Python,Intermediate,Coding,Write Python code to remove duplicates from a list.,Use set() or loop.,To be generated by the AI interview assistant.
Q0406,Data Scientist,Machine Learning,Beginner,Technical,Explain overfitting and underfitting.,Bias-variance tradeoff.,To be generated by the AI interview assistant.
Q0407,Data Scientist,Python,Intermediate,Coding,How do you handle missing values in Pandas?,"fillna(), dropna().",To be generated by the AI interview assistant.
Q0408,Data Scientist,Deep Learning,Advanced,Technical,What is backpropagation?,Gradient-based weight updates.,To be generated by the AI interview assistant.
Q0409,Data Scientist,Statistics,Beginner,Technical,Explain p-value.,Hypothesis testing.,To be generated by the AI interview assistant.
Q0410,Data Scientist,NLP,Intermediate,Technical,What is TF-IDF?,Text feature representation.,To be generated by the AI interview assistant.
Q0411,ML Engineer,TensorFlow,Beginner,Technical,What is TensorFlow?,Deep learning framework.,To be generated by the AI interview assistant.
Q0412,ML Engineer,PyTorch,Intermediate,Technical,Difference between TensorFlow and PyTorch.,Execution models.,To be generated by the AI interview assistant.
Q0413,ML Engineer,Docker,Advanced,Technical,Why use Docker in ML?,Deployment consistency.,To be generated by the AI interview assistant.
Q0414,ML Engineer,MLOps,Beginner,Scenario,Describe an ML deployment pipeline.,Training to production.,To be generated by the AI interview assistant.
Q0415,ML Engineer,Python,Intermediate,Coding,Implement linear regression in Python.,Basic ML implementation.,To be generated by the AI interview assistant.
Q0416,HR,Communication,Beginner,HR,Tell me about yourself.,Concise professional introduction.,To be generated by the AI interview assistant.
Q0417,HR,Leadership,Intermediate,HR,Describe a challenging situation.,STAR method.,To be generated by the AI interview assistant.
Q0418,HR,Teamwork,Advanced,HR,How do you resolve conflicts?,Communication and collaboration.,To be generated by the AI interview assistant.
Q0419,HR,Career,Beginner,HR,Why should we hire you?,Relevant strengths.,To be generated by the AI interview assistant.
Q0420,HR,Goals,Intermediate,HR,Where do you see yourself in 5 years?,Growth-oriented answer.,To be generated by the AI interview assistant.
Q0421,Data Analyst,SQL,Beginner,Technical,Explain the difference between INNER JOIN and LEFT JOIN.,Understanding of joins with examples.,To be generated by the AI interview assistant.
Q0422,Data Analyst,Excel,Intermediate,Technical,What is a Pivot Table and when would you use it?,Summarizing and analyzing data.,To be generated by the AI interview assistant.
Q0423,Data Analyst,Statistics,Advanced,Technical,What is the difference between mean and median?,Definitions and use cases.,To be generated by the AI interview assistant.
Q0424,Data Analyst,Power BI,Beginner,Technical,What are DAX measures?,Calculated measures using DAX.,To be generated by the AI interview assistant.
Q0425,Data Analyst,Python,Intermediate,Coding,Write Python code to remove duplicates from a list.,Use set() or loop.,To be generated by the AI interview assistant.
Q0426,Data Scientist,Machine Learning,Beginner,Technical,Explain overfitting and underfitting.,Bias-variance tradeoff.,To be generated by the AI interview assistant.
Q0427,Data Scientist,Python,Intermediate,Coding,How do you handle missing values in Pandas?,"fillna(), dropna().",To be generated by the AI interview assistant.
Q0428,Data Scientist,Deep Learning,Advanced,Technical,What is backpropagation?,Gradient-based weight updates.,To be generated by the AI interview assistant.
Q0429,Data Scientist,Statistics,Beginner,Technical,Explain p-value.,Hypothesis testing.,To be generated by the AI interview assistant.
Q0430,Data Scientist,NLP,Intermediate,Technical,What is TF-IDF?,Text feature representation.,To be generated by the AI interview assistant.
Q0431,ML Engineer,TensorFlow,Beginner,Technical,What is TensorFlow?,Deep learning framework.,To be generated by the AI interview assistant.
Q0432,ML Engineer,PyTorch,Intermediate,Technical,Difference between TensorFlow and PyTorch.,Execution models.,To be generated by the AI interview assistant.
Q0433,ML Engineer,Docker,Advanced,Technical,Why use Docker in ML?,Deployment consistency.,To be generated by the AI interview assistant.
Q0434,ML Engineer,MLOps,Beginner,Scenario,Describe an ML deployment pipeline.,Training to production.,To be generated by the AI interview assistant.
Q0435,ML Engineer,Python,Intermediate,Coding,Implement linear regression in Python.,Basic ML implementation.,To be generated by the AI interview assistant.
Q0436,HR,Communication,Beginner,HR,Tell me about yourself.,Concise professional introduction.,To be generated by the AI interview assistant.
Q0437,HR,Leadership,Intermediate,HR,Describe a challenging situation.,STAR method.,To be generated by the AI interview assistant.
Q0438,HR,Teamwork,Advanced,HR,How do you resolve conflicts?,Communication and collaboration.,To be generated by the AI interview assistant.
Q0439,HR,Career,Beginner,HR,Why should we hire you?,Relevant strengths.,To be generated by the AI interview assistant.
Q0440,HR,Goals,Intermediate,HR,Where do you see yourself in 5 years?,Growth-oriented answer.,To be generated by the AI interview assistant.
Q0441,Data Analyst,SQL,Beginner,Technical,Explain the difference between INNER JOIN and LEFT JOIN.,Understanding of joins with examples.,To be generated by the AI interview assistant.
Q0442,Data Analyst,Excel,Intermediate,Technical,What is a Pivot Table and when would you use it?,Summarizing and analyzing data.,To be generated by the AI interview assistant.
Q0443,Data Analyst,Statistics,Advanced,Technical,What is the difference between mean and median?,Definitions and use cases.,To be generated by the AI interview assistant.
Q0444,Data Analyst,Power BI,Beginner,Technical,What are DAX measures?,Calculated measures using DAX.,To be generated by the AI interview assistant.
Q0445,Data Analyst,Python,Intermediate,Coding,Write Python code to remove duplicates from a list.,Use set() or loop.,To be generated by the AI interview assistant.
Q0446,Data Scientist,Machine Learning,Beginner,Technical,Explain overfitting and underfitting.,Bias-variance tradeoff.,To be generated by the AI interview assistant.
Q0447,Data Scientist,Python,Intermediate,Coding,How do you handle missing values in Pandas?,"fillna(), dropna().",To be generated by the AI interview assistant.
Q0448,Data Scientist,Deep Learning,Advanced,Technical,What is backpropagation?,Gradient-based weight updates.,To be generated by the AI interview assistant.
Q0449,Data Scientist,Statistics,Beginner,Technical,Explain p-value.,Hypothesis testing.,To be generated by the AI interview assistant.
Q0450,Data Scientist,NLP,Intermediate,Technical,What is TF-IDF?,Text feature representation.,To be generated by the AI interview assistant.
Q0451,ML Engineer,TensorFlow,Beginner,Technical,What is TensorFlow?,Deep learning framework.,To be generated by the AI interview assistant.
Q0452,ML Engineer,PyTorch,Intermediate,Technical,Difference between TensorFlow and PyTorch.,Execution models.,To be generated by the AI interview assistant.
Q0453,ML Engineer,Docker,Advanced,Technical,Why use Docker in ML?,Deployment consistency.,To be generated by the AI interview assistant.
Q0454,ML Engineer,MLOps,Beginner,Scenario,Describe an ML deployment pipeline.,Training to production.,To be generated by the AI interview assistant.
Q0455,ML Engineer,Python,Intermediate,Coding,Implement linear regression in Python.,Basic ML implementation.,To be generated by the AI interview assistant.
Q0456,HR,Communication,Beginner,HR,Tell me about yourself.,Concise professional introduction.,To be generated by the AI interview assistant.
Q0457,HR,Leadership,Intermediate,HR,Describe a challenging situation.,STAR method.,To be generated by the AI interview assistant.
Q0458,HR,Teamwork,Advanced,HR,How do you resolve conflicts?,Communication and collaboration.,To be generated by the AI interview assistant.
Q0459,HR,Career,Beginner,HR,Why should we hire you?,Relevant strengths.,To be generated by the AI interview assistant.
Q0460,HR,Goals,Intermediate,HR,Where do you see yourself in 5 years?,Growth-oriented answer.,To be generated by the AI interview assistant.
Q0461,Data Analyst,SQL,Beginner,Technical,Explain the difference between INNER JOIN and LEFT JOIN.,Understanding of joins with examples.,To be generated by the AI interview assistant.
Q0462,Data Analyst,Excel,Intermediate,Technical,What is a Pivot Table and when would you use it?,Summarizing and analyzing data.,To be generated by the AI interview assistant.
Q0463,Data Analyst,Statistics,Advanced,Technical,What is the difference between mean and median?,Definitions and use cases.,To be generated by the AI interview assistant.
Q0464,Data Analyst,Power BI,Beginner,Technical,What are DAX measures?,Calculated measures using DAX.,To be generated by the AI interview assistant.
Q0465,Data Analyst,Python,Intermediate,Coding,Write Python code to remove duplicates from a list.,Use set() or loop.,To be generated by the AI interview assistant.
Q0466,Data Scientist,Machine Learning,Beginner,Technical,Explain overfitting and underfitting.,Bias-variance tradeoff.,To be generated by the AI interview assistant.
Q0467,Data Scientist,Python,Intermediate,Coding,How do you handle missing values in Pandas?,"fillna(), dropna().",To be generated by the AI interview assistant.
Q0468,Data Scientist,Deep Learning,Advanced,Technical,What is backpropagation?,Gradient-based weight updates.,To be generated by the AI interview assistant.
Q0469,Data Scientist,Statistics,Beginner,Technical,Explain p-value.,Hypothesis testing.,To be generated by the AI interview assistant.
Q0470,Data Scientist,NLP,Intermediate,Technical,What is TF-IDF?,Text feature representation.,To be generated by the AI interview assistant.
Q0471,ML Engineer,TensorFlow,Beginner,Technical,What is TensorFlow?,Deep learning framework.,To be generated by the AI interview assistant.
Q0472,ML Engineer,PyTorch,Intermediate,Technical,Difference between TensorFlow and PyTorch.,Execution models.,To be generated by the AI interview assistant.
Q0473,ML Engineer,Docker,Advanced,Technical,Why use Docker in ML?,Deployment consistency.,To be generated by the AI interview assistant.
Q0474,ML Engineer,MLOps,Beginner,Scenario,Describe an ML deployment pipeline.,Training to production.,To be generated by the AI interview assistant.
Q0475,ML Engineer,Python,Intermediate,Coding,Implement linear regression in Python.,Basic ML implementation.,To be generated by the AI interview assistant.
Q0476,HR,Communication,Beginner,HR,Tell me about yourself.,Concise professional introduction.,To be generated by the AI interview assistant.
Q0477,HR,Leadership,Intermediate,HR,Describe a challenging situation.,STAR method.,To be generated by the AI interview assistant.
Q0478,HR,Teamwork,Advanced,HR,How do you resolve conflicts?,Communication and collaboration.,To be generated by the AI interview assistant.
Q0479,HR,Career,Beginner,HR,Why should we hire you?,Relevant strengths.,To be generated by the AI interview assistant.
Q0480,HR,Goals,Intermediate,HR,Where do you see yourself in 5 years?,Growth-oriented answer.,To be generated by the AI interview assistant.
Q0481,Data Analyst,SQL,Beginner,Technical,Explain the difference between INNER JOIN and LEFT JOIN.,Understanding of joins with examples.,To be generated by the AI interview assistant.
Q0482,Data Analyst,Excel,Intermediate,Technical,What is a Pivot Table and when would you use it?,Summarizing and analyzing data.,To be generated by the AI interview assistant.
Q0483,Data Analyst,Statistics,Advanced,Technical,What is the difference between mean and median?,Definitions and use cases.,To be generated by the AI interview assistant.
Q0484,Data Analyst,Power BI,Beginner,Technical,What are DAX measures?,Calculated measures using DAX.,To be generated by the AI interview assistant.
Q0485,Data Analyst,Python,Intermediate,Coding,Write Python code to remove duplicates from a list.,Use set() or loop.,To be generated by the AI interview assistant.
Q0486,Data Scientist,Machine Learning,Beginner,Technical,Explain overfitting and underfitting.,Bias-variance tradeoff.,To be generated by the AI interview assistant.
Q0487,Data Scientist,Python,Intermediate,Coding,How do you handle missing values in Pandas?,"fillna(), dropna().",To be generated by the AI interview assistant.
Q0488,Data Scientist,Deep Learning,Advanced,Technical,What is backpropagation?,Gradient-based weight updates.,To be generated by the AI interview assistant.
Q0489,Data Scientist,Statistics,Beginner,Technical,Explain p-value.,Hypothesis testing.,To be generated by the AI interview assistant.
Q0490,Data Scientist,NLP,Intermediate,Technical,What is TF-IDF?,Text feature representation.,To be generated by the AI interview assistant.
Q0491,ML Engineer,TensorFlow,Beginner,Technical,What is TensorFlow?,Deep learning framework.,To be generated by the AI interview assistant.
Q0492,ML Engineer,PyTorch,Intermediate,Technical,Difference between TensorFlow and PyTorch.,Execution models.,To be generated by the AI interview assistant.
Q0493,ML Engineer,Docker,Advanced,Technical,Why use Docker in ML?,Deployment consistency.,To be generated by the AI interview assistant.
Q0494,ML Engineer,MLOps,Beginner,Scenario,Describe an ML deployment pipeline.,Training to production.,To be generated by the AI interview assistant.
Q0495,ML Engineer,Python,Intermediate,Coding,Implement linear regression in Python.,Basic ML implementation.,To be generated by the AI interview assistant.
Q0496,HR,Communication,Beginner,HR,Tell me about yourself.,Concise professional introduction.,To be generated by the AI interview assistant.
Q0497,HR,Leadership,Intermediate,HR,Describe a challenging situation.,STAR method.,To be generated by the AI interview assistant.
Q0498,HR,Teamwork,Advanced,HR,How do you resolve conflicts?,Communication and collaboration.,To be generated by the AI interview assistant.
Q0499,HR,Career,Beginner,HR,Why should we hire you?,Relevant strengths.,To be generated by the AI interview assistant.
Q0500,HR,Goals,Intermediate,HR,Where do you see yourself in 5 years?,Growth-oriented answer.,To be generated by the AI interview assistant.
